id;first_name;last_name;email;gender;ip_address;;
1;Elsa;Dorgan;edorgan0@freewebs.com;Female;210.147.79.131;;
2;Alena;Greiswood;agreiswood1@apache.org;Female;6.19.199.105;;
3;Cherrita;Mitchinson;cmitchinson2@taobao.com;Female;7.239.223.237;;
4;Teirtza;Letch;tletch3@ustream.tv;Female;66.94.75.145;;
5;Lauralee;Espasa;lespasa4@elpais.com;Female;48.236.63.61;;
6;Wilton;Krollman;wkrollman5@amazon.co.uk;Genderfluid;43.38.88.189;;
7;Sherwin;Mattimoe;smattimoe6@mediafire.com;Male;253.156.169.164;;
8;Gothart;Nornable;gnornable7@tripod.com;Male;223.118.18.101;;
9;Ileane;Kondrat;ikondrat8@spiegel.de;Female;203.213.99.10;;
10;Gearalt;Leggs;gleggs9@state.tx.us;Male;22.251.76.37;;
11;Christoph;Mugleston;cmuglestona@indiegogo.com;Male;117.84.107.16;;
12;Alice;Tyzack;atyzackb@harvard.edu;Female;12.201.17.213;;
13;Witty;Goundrill;wgoundrillc@theguardian.com;Male;94.112.2.142;;
14;Sarita;Matyugin;smatyugind@dell.com;Female;197.254.162.204;;
15;Tamas;Lindback;tlindbacke@webnode.com;Male;241.23.180.57;;
16;Randell;Aldrin;raldrinf@t.co;Male;37.74.30.74;;
17;Idalia;Ayers;iayersg@walmart.com;Female;51.166.60.156;;
18;Fritz;Hadland;fhadlandh@weather.com;Male;27.22.204.43;;
19;Cari;McEvilly;cmcevillyi@nytimes.com;Female;223.235.103.94;;
20;Mercie;Stapele;mstapelej@fema.gov;Female;175.152.114.63;;
21;Magdalen;Atley;matleyk@surveymonkey.com;Female;22.129.70.5;;
22;Isadore;Tait;itaitl@cafepress.com;Male;134.199.144.169;;
23;Jerrine;Minto;jmintom@cmu.edu;Female;209.57.177.118;;
24;Christye;Sweetenham;csweetenhamn@google.com;Female;199.249.16.1;;
25;Cassie;Keelan;ckeelano@altervista.org;Male;108.80.166.77;;
26;Etta;Ditter;editterp@wix.com;Female;68.44.165.207;;
27;Yanaton;Brunsdon;ybrunsdonq@furl.net;Male;138.69.94.107;;
28;Shalne;Lapere;slaperer@unicef.org;Female;244.253.97.230;;
29;Des;Able;dables@nyu.edu;Polygender;169.203.124.76;;
30;Lilah;Rizziello;lrizziellot@vinaora.com;Female;67.200.77.167;;
31;Rabi;Ranald;rranaldu@vk.com;Male;11.126.213.117;;
32;Brianne;Witterick;bwitterickv@patch.com;Female;153.183.8.119;;
33;Brandea;Lukas;blukasw@redcross.org;Female;103.104.198.250;;
34;Ania;Howard;ahowardx@sbwire.com;Female;174.238.142.227;;
35;Jerad;Skillett;jskilletty@sphinn.com;Male;232.75.56.165;;
36;Si;Jodkowski;sjodkowskiz@shareasale.com;Male;163.39.91.60;;
37;Romain;Dennick;rdennick10@whitehouse.gov;Bigender;89.25.249.163;;
38;Nelly;Gilburt;ngilburt11@themeforest.net;Female;108.204.31.139;;
39;Dayle;Dillintone;ddillintone12@sun.com;Female;42.81.164.178;;
40;Orran;Sprigging;osprigging13@cbsnews.com;Male;122.216.114.73;;
41;Margit;Kosel;mkosel14@cpanel.net;Agender;109.102.13.124;;
42;Dania;Greason;dgreason15@xinhuanet.com;Female;78.105.103.224;;
43;Antoni;Eickhoff;aeickhoff16@adobe.com;Male;110.203.153.191;;
44;Kev;Eglese;keglese17@discuz.net;Male;17.79.150.49;;
45;Kamila;Revance;krevance18@live.com;Female;63.29.185.9;;
46;Frazer;Roseveare;froseveare19@slideshare.net;Male;222.123.189.160;;
47;Lynne;Saveall;lsaveall1a@mac.com;Female;43.240.193.208;;
48;Joscelin;Leonard;jleonard1b@intel.com;Female;79.109.138.10;;
49;Stevy;Enstone;senstone1c@nyu.edu;Male;72.131.170.139;;
50;Celestina;Bogace;cbogace1d@alexa.com;Female;140.105.75.64;;
51;Min;Ianilli;mianilli1e@flavors.me;Female;158.203.128.175;;
52;Noby;Battyll;nbattyll1f@umn.edu;Male;62.228.20.206;;
53;Holden;Bidmead;hbidmead1g@pbs.org;Male;122.28.214.165;;
54;Lora;Ghidini;lghidini1h@cloudflare.com;Bigender;224.155.228.136;;
55;Clarissa;Leemans;cleemans1i@loc.gov;Female;127.249.101.53;;
56;Garrard;Emmet;gemmet1j@webs.com;Male;102.182.33.250;;
57;Pavlov;Glynn;pglynn1k@blogspot.com;Male;135.164.131.20;;
58;Wilbur;Skilling;wskilling1l@nasa.gov;Male;93.28.209.117;;
59;Laney;Rockwell;lrockwell1m@desdev.cn;Female;214.79.14.51;;
60;Anica;Bousfield;abousfield1n@cmu.edu;Female;166.197.26.193;;
61;Benedicto;Jachimak;bjachimak1o@google.com.hk;Male;234.118.237.43;;
62;Sib;Jump;sjump1p@furl.net;Female;26.57.254.128;;
63;Orson;Hardes;ohardes1q@sitemeter.com;Male;99.32.83.217;;
64;Rayna;Sandwith;rsandwith1r@cnbc.com;Female;255.197.190.67;;
65;Mariellen;Martygin;mmartygin1s@gov.uk;Female;136.35.33.142;;
66;Jolynn;Quadri;jquadri1t@issuu.com;Female;229.51.65.76;;
67;Jennette;Gorhardt;jgorhardt1u@unc.edu;Female;94.253.225.209;;
68;Hayley;Hollyard;hhollyard1v@twitter.com;Female;201.81.78.61;;
69;Niki;Beric;nberic1w@sogou.com;Male;95.160.55.164;;
70;Frederic;Ginnety;fginnety1x@hostgator.com;Male;163.36.116.165;;
71;Brose;Deville;bdeville1y@mashable.com;Genderfluid;184.213.77.16;;
72;Kev;Cardenas;kcardenas1z@whitehouse.gov;Male;79.125.90.105;;
73;Tildie;Birkwood;tbirkwood20@goo.ne.jp;Female;215.170.229.116;;
74;Emyle;Halgarth;ehalgarth21@dropbox.com;Female;241.179.202.102;;
75;Bunny;Drees;bdrees22@smh.com.au;Female;111.116.10.102;;
76;Devi;Oakwood;doakwood23@fema.gov;Female;217.99.181.156;;
77;Kippar;Edess;kedess24@nature.com;Male;122.153.108.163;;
78;Xenos;Jerson;xjerson25@reuters.com;Male;149.22.89.255;;
79;Deborah;Feedome;dfeedome26@stanford.edu;Female;216.55.121.6;;
80;Shaw;Endley;sendley27@youtu.be;Male;175.175.172.236;;
81;Domeniga;Sheara;dsheara28@storify.com;Female;39.20.160.251;;
82;Tani;Gianulli;tgianulli29@i2i.jp;Female;208.219.138.47;;
83;Tandie;Raeside;traeside2a@tmall.com;Female;168.1.96.138;;
84;Stephani;Sikorski;ssikorski2b@youtu.be;Female;187.249.129.149;;
85;Nikolaos;Antonazzi;nantonazzi2c@washington.edu;Male;98.209.198.235;;
86;Mohandas;Berthod;mberthod2d@slideshare.net;Male;241.150.32.178;;
87;Jeff;Mallison;jmallison2e@studiopress.com;Male;115.184.103.236;;
88;Lacee;Yurin;lyurin2f@npr.org;Female;248.162.33.58;;
89;Alonzo;Sellner;asellner2g@youku.com;Male;134.250.222.7;;
90;Ardyce;Cousens;acousens2h@ocn.ne.jp;Female;183.53.38.42;;
91;Elwyn;Bote;ebote2i@gov.uk;Male;75.103.15.111;;
92;Becki;Liccardo;bliccardo2j@qq.com;Female;2.37.187.14;;
93;Laurent;Folbig;lfolbig2k@slashdot.org;Male;19.251.60.3;;
94;Elfrieda;Gyurko;egyurko2l@jigsy.com;Female;123.33.147.150;;
95;Denna;Flemyng;dflemyng2m@usa.gov;Female;206.229.21.117;;
96;Gino;Barlas;gbarlas2n@patch.com;Male;137.33.73.80;;
97;Eilis;Beddall;ebeddall2o@microsoft.com;Female;151.208.15.190;;
98;Celisse;Blaza;cblaza2p@csmonitor.com;Agender;255.148.156.57;;
99;Goldarina;Conradsen;gconradsen2q@alibaba.com;Genderfluid;4.126.101.255;;
100;Gar;Merryweather;gmerryweather2r@go.com;Male;195.122.34.20;;
101;Katusha;Benedetti;kbenedetti2s@t.co;Female;133.18.114.78;;
102;Felipa;Hyams;fhyams2t@sciencedirect.com;Bigender;219.48.204.34;;
103;Rabbi;Heinsius;rheinsius2u@yelp.com;Bigender;143.19.79.158;;
104;Ronalda;McKiernan;rmckiernan2v@hc360.com;Female;179.120.106.172;;
105;Xena;Brazur;xbrazur2w@hubpages.com;Female;143.111.42.37;;
106;Sterling;Crofthwaite;scrofthwaite2x@squarespace.com;Male;87.187.70.214;;
107;Christy;Dymidowski;cdymidowski2y@w3.org;Female;81.148.165.90;;
108;Clarita;Warrier;cwarrier2z@i2i.jp;Female;140.54.0.197;;
109;Prudy;Feldon;pfeldon30@spotify.com;Female;91.8.4.114;;
110;Brinna;Relph;brelph31@unesco.org;Female;185.43.75.225;;
111;Waiter;Oppy;woppy32@soup.io;Male;11.48.233.46;;
112;Augustus;Prisley;aprisley33@mozilla.org;Male;165.228.49.239;;
113;Austin;Conant;aconant34@mlb.com;Female;105.124.165.64;;
114;Gretel;Doud;gdoud35@free.fr;Female;88.166.128.53;;
115;Jaquelin;Orman;jorman36@blinklist.com;Female;163.22.30.11;;
116;Kerry;Barnfield;kbarnfield37@cbsnews.com;Female;219.197.152.173;;
117;Carie;Huetson;chuetson38@photobucket.com;Female;179.162.98.221;;
118;Tera;Vannuccini;tvannuccini39@friendfeed.com;Female;53.63.162.182;;
119;Roanna;Glandfield;rglandfield3a@yelp.com;Female;71.29.10.9;;
120;Rosco;Bleythin;rbleythin3b@privacy.gov.au;Male;51.16.148.59;;
121;Celina;Plover;cplover3c@cdbaby.com;Female;112.179.97.48;;
122;Rhody;Roja;rroja3d@friendfeed.com;Bigender;26.161.178.117;;
123;Nikaniki;Witherop;nwitherop3e@fema.gov;Female;225.72.184.158;;
124;Archie;Sunter;asunter3f@census.gov;Male;125.203.104.63;;
125;Chickie;Chancelier;cchancelier3g@gravatar.com;Male;167.163.107.65;;
126;Sayres;Madrell;smadrell3h@bbc.co.uk;Male;160.110.202.244;;
127;Anabella;Prisk;aprisk3i@illinois.edu;Female;14.206.165.251;;
128;Vittorio;Presser;vpresser3j@people.com.cn;Male;84.122.184.54;;
129;Adriane;Tolchard;atolchard3k@flavors.me;Female;171.29.210.253;;
130;Ruddie;Paulley;rpaulley3l@slashdot.org;Male;233.45.88.112;;
131;Osbourne;Wilbor;owilbor3m@issuu.com;Male;97.151.239.165;;
132;Delores;Sadd;dsadd3n@walmart.com;Female;252.72.27.102;;
133;Terri;Kaemena;tkaemena3o@squidoo.com;Female;183.176.64.176;;
134;Murvyn;Cummins;mcummins3p@goodreads.com;Male;147.91.33.229;;
135;Sascha;Reucastle;sreucastle3q@census.gov;Male;20.131.14.246;;
136;Norri;Weiner;nweiner3r@sakura.ne.jp;Female;149.247.150.176;;
137;Allan;Roll;aroll3s@noaa.gov;Male;254.141.116.134;;
138;Pearce;Orsman;porsman3t@godaddy.com;Male;252.100.192.46;;
139;Sancho;de Cullip;sdecullip3u@wsj.com;Male;89.82.34.16;;
140;Adriano;Butts;abutts3v@chron.com;Male;74.106.192.87;;
141;Gonzalo;Franklyn;gfranklyn3w@google.pl;Male;89.92.146.48;;
142;Clarke;Karys;ckarys3x@shareasale.com;Male;253.202.223.189;;
143;Manda;Nilges;mnilges3y@aboutads.info;Female;28.4.153.8;;
144;Reggy;Tailour;rtailour3z@google.com;Male;80.131.46.199;;
145;Mitchael;Eick;meick40@yahoo.com;Male;140.4.212.105;;
146;Butch;Bortol;bbortol41@nhs.uk;Male;11.111.178.209;;
147;Read;Roddick;rroddick42@patch.com;Male;63.124.101.16;;
148;Shell;Clausewitz;sclausewitz43@fema.gov;Male;9.88.120.212;;
149;Filberto;Jemmett;fjemmett44@google.pl;Male;109.153.0.129;;
150;Evey;Ivens;eivens45@cbsnews.com;Female;129.5.239.16;;
151;Jemmie;Passe;jpasse46@timesonline.co.uk;Female;164.39.86.96;;
152;Didi;Impy;dimpy47@angelfire.com;Female;167.77.211.239;;
153;Aubry;McKeggie;amckeggie48@ox.ac.uk;Female;172.191.57.116;;
154;Cecile;Kleinsinger;ckleinsinger49@i2i.jp;Female;30.75.58.210;;
155;Dulciana;Hubbock;dhubbock4a@networksolutions.com;Female;177.215.64.254;;
156;Ewell;Peltz;epeltz4b@whitehouse.gov;Male;174.163.232.70;;
157;Benoit;Pardy;bpardy4c@psu.edu;Male;109.227.253.128;;
158;Earl;McAlroy;emcalroy4d@blinklist.com;Male;83.156.94.177;;
159;Jakob;Werrit;jwerrit4e@marriott.com;Male;70.168.246.151;;
160;Worthington;Emerson;wemerson4f@sfgate.com;Male;62.252.40.90;;
161;Dwayne;Gallardo;dgallardo4g@spotify.com;Male;124.74.177.139;;
162;Sheelagh;Lawdham;slawdham4h@utexas.edu;Female;75.145.206.76;;
163;Alaine;Alves;aalves4i@rambler.ru;Female;251.145.5.162;;
164;Ricki;Macia;rmacia4j@dropbox.com;Male;61.143.56.96;;
165;Clemente;Surmon;csurmon4k@acquirethisname.com;Male;139.215.14.111;;
166;Maren;Brimblecombe;mbrimblecombe4l@t-online.de;Female;63.5.33.245;;
167;Gae;Frigout;gfrigout4m@theguardian.com;Female;248.76.66.103;;
168;Karole;Colaton;kcolaton4n@xinhuanet.com;Female;53.237.131.240;;
169;Forbes;Thewlis;fthewlis4o@amazon.co.uk;Male;135.106.152.26;;
170;Amerigo;Kirk;akirk4p@wp.com;Genderqueer;200.238.101.66;;
171;Imelda;Gaskill;igaskill4q@photobucket.com;Female;12.213.133.198;;
172;Joana;Thorouggood;jthorouggood4r@oaic.gov.au;Female;2.89.23.1;;
173;Verine;Saunderson;vsaunderson4s@ucsd.edu;Female;61.207.242.37;;
174;Tilda;Fontell;tfontell4t@go.com;Female;136.65.35.68;;
175;Tasha;Branchflower;tbranchflower4u@umn.edu;Female;198.61.0.187;;
176;Chevy;Pickavant;cpickavant4v@ibm.com;Male;2.225.180.68;;
177;Raimondo;Shory;rshory4w@cmu.edu;Male;83.17.212.142;;
178;Eben;Battell;ebattell4x@latimes.com;Male;249.136.230.100;;
179;Marris;Tran;mtran4y@paginegialle.it;Female;104.253.67.238;;
180;Agustin;Bentz;abentz4z@360.cn;Male;58.122.136.44;;
181;Joya;Epgrave;jepgrave50@linkedin.com;Female;43.53.240.29;;
182;Del;Rookesby;drookesby51@archive.org;Female;219.66.79.18;;
183;Patrice;Brooker;pbrooker52@desdev.cn;Male;60.96.41.170;;
184;Luca;Culpan;lculpan53@irs.gov;Male;94.84.228.123;;
185;Granger;Bidmead;gbidmead54@state.gov;Male;161.128.122.235;;
186;Marcus;Luberti;mluberti55@opensource.org;Male;193.111.39.212;;
187;Garrik;Arminger;garminger56@flavors.me;Male;125.3.144.85;;
188;Ninette;Scholtz;nscholtz57@webeden.co.uk;Female;84.119.222.22;;
189;Normie;McGaugey;nmcgaugey58@oakley.com;Genderfluid;152.148.24.69;;
190;Dianna;Chasmoor;dchasmoor59@e-recht24.de;Female;4.106.79.149;;
191;Janetta;Goss;jgoss5a@list-manage.com;Female;122.164.131.126;;
192;Alon;Spadeck;aspadeck5b@ucla.edu;Male;112.246.79.156;;
193;Rosco;Laxon;rlaxon5c@dell.com;Male;98.201.165.123;;
194;Peri;Thebeaud;pthebeaud5d@nyu.edu;Female;41.52.180.33;;
195;Shepperd;Daspar;sdaspar5e@google.com.au;Male;58.183.92.171;;
196;Hillel;Stood;hstood5f@histats.com;Male;228.92.255.115;;
197;Bernita;Cure;bcure5g@nasa.gov;Female;200.130.36.200;;
198;Bettine;Brettell;bbrettell5h@uiuc.edu;Female;102.217.223.49;;
199;Gratiana;MacRirie;gmacririe5i@newsvine.com;Female;196.223.80.55;;
200;Juliette;Delafoy;jdelafoy5j@plala.or.jp;Female;159.4.161.50;;
201;Gerianne;Baus;gbaus5k@bloglovin.com;Female;13.243.137.0;;
202;Gaultiero;Ambler;gambler5l@joomla.org;Male;106.66.91.171;;
203;Mile;Mewha;mmewha5m@gravatar.com;Male;103.19.130.226;;
204;Hurlee;Blore;hblore5n@marriott.com;Male;92.67.149.36;;
205;Micah;Neary;mneary5o@sun.com;Male;151.110.79.248;;
206;Binni;Dredge;bdredge5p@amazonaws.com;Female;234.182.32.179;;
207;Maddy;Simic;msimic5q@typepad.com;Female;60.80.126.100;;
208;Charley;Swiffen;cswiffen5r@shinystat.com;Male;193.99.69.176;;
209;Morie;Cuell;mcuell5s@ibm.com;Male;25.54.224.128;;
210;Denney;Fitkin;dfitkin5t@edublogs.org;Male;67.192.183.130;;
211;Killy;Ranstead;kranstead5u@wisc.edu;Male;204.135.191.73;;
212;Hildagard;Sinton;hsinton5v@diigo.com;Female;47.8.201.33;;
213;Adi;Yallowley;ayallowley5w@cpanel.net;Female;36.137.18.56;;
214;Katee;Lacroix;klacroix5x@gmpg.org;Female;89.2.103.149;;
215;Jeremy;Tother;jtother5y@google.ca;Male;163.19.123.167;;
216;Lianna;Birkett;lbirkett5z@si.edu;Female;47.159.46.181;;
217;Duffy;Crayden;dcrayden60@si.edu;Male;218.202.0.47;;
218;Marcos;Crum;mcrum61@rediff.com;Male;166.250.197.248;;
219;Jo-ann;Brazear;jbrazear62@nymag.com;Female;85.61.161.102;;
220;Edi;Metzel;emetzel63@t.co;Female;162.25.217.148;;
221;Husein;Smogur;hsmogur64@marketwatch.com;Male;122.52.16.242;;
222;Shaughn;O'Kieran;sokieran65@twitpic.com;Male;24.252.79.121;;
223;Odelle;Tibbits;otibbits66@salon.com;Female;73.148.6.125;;
224;Ardra;Mowbray;amowbray67@tmall.com;Female;81.179.136.240;;
225;Wilton;Steckings;wsteckings68@drupal.org;Male;242.249.10.211;;
226;Eolanda;Boice;eboice69@jigsy.com;Female;224.149.197.55;;
227;Valdemar;John;vjohn6a@jugem.jp;Polygender;3.188.247.122;;
228;Carilyn;Hatherley;chatherley6b@example.com;Female;206.47.253.84;;
229;Lani;Sigg;lsigg6c@ocn.ne.jp;Female;4.187.69.114;;
230;Ikey;M'Chirrie;imchirrie6d@fastcompany.com;Male;189.21.135.197;;
231;Lilia;Hempel;lhempel6e@blogs.com;Female;49.153.192.154;;
232;Gallagher;Leggan;gleggan6f@list-manage.com;Male;131.218.157.129;;
233;Haslett;Velasquez;hvelasquez6g@imageshack.us;Male;202.93.125.208;;
234;Onfroi;Tal;otal6h@biglobe.ne.jp;Male;205.182.204.47;;
235;Wernher;Eefting;weefting6i@wikispaces.com;Male;206.161.203.65;;
236;Sibella;Snar;ssnar6j@vk.com;Female;86.197.150.214;;
237;Natalie;Schankel;nschankel6k@rambler.ru;Female;25.70.120.232;;
238;Burty;Fernier;bfernier6l@zdnet.com;Male;101.126.117.32;;
239;Noami;Rosenstein;nrosenstein6m@yale.edu;Female;226.166.105.23;;
240;Padgett;Bettley;pbettley6n@go.com;Male;68.128.188.92;;
241;Alard;Guilloux;aguilloux6o@thetimes.co.uk;Male;9.54.25.4;;
242;Anjanette;Solomon;asolomon6p@amazon.com;Female;216.39.132.58;;
243;Barbara;Barrington;bbarrington6q@printfriendly.com;Female;27.73.174.138;;
244;Briggs;Mennear;bmennear6r@latimes.com;Male;157.4.118.229;;
245;Gusti;Coppens;gcoppens6s@tinyurl.com;Female;174.178.113.175;;
246;Jillene;Pren;jpren6t@e-recht24.de;Female;53.2.199.243;;
247;Luise;Feary;lfeary6u@hud.gov;Female;239.180.127.179;;
248;Brigit;Elcott;belcott6v@salon.com;Female;172.0.243.108;;
249;Ansell;Bendixen;abendixen6w@photobucket.com;Male;77.12.196.149;;
250;Adelind;Ipgrave;aipgrave6x@youtube.com;Female;171.216.15.108;;
251;Arlette;Woodsford;awoodsford6y@indiegogo.com;Female;31.218.23.138;;
252;Eleonora;Gowry;egowry6z@sun.com;Female;52.5.1.129;;
253;Isaak;Noton;inoton70@macromedia.com;Male;91.50.158.232;;
254;Mufi;Toffetto;mtoffetto71@yahoo.co.jp;Female;85.24.244.222;;
255;Shirleen;Balke;sbalke72@unblog.fr;Female;59.183.215.24;;
256;Ethelin;Szantho;eszantho73@reference.com;Female;177.164.96.114;;
257;Ragnar;Vango;rvango74@usgs.gov;Male;219.203.222.252;;
258;Isaac;Huckerbe;ihuckerbe75@fda.gov;Male;57.148.14.98;;
259;Yorker;Moyes;ymoyes76@ox.ac.uk;Male;74.91.252.255;;
260;Northrop;Tellenbrook;ntellenbrook77@bloglovin.com;Male;116.176.11.228;;
261;Christa;Morgan;cmorgan78@dagondesign.com;Female;80.128.23.45;;
262;Woodrow;Maslin;wmaslin79@hao123.com;Agender;61.109.136.225;;
263;Lucio;Andries;landries7a@mediafire.com;Male;95.206.129.82;;
264;Aleksandr;Hallybone;ahallybone7b@sakura.ne.jp;Male;217.83.161.244;;
265;Brnaba;Belle;bbelle7c@comsenz.com;Male;242.225.38.69;;
266;Terrill;Valencia;tvalencia7d@blog.com;Male;5.91.196.70;;
267;Justino;Gotter;jgotter7e@ucoz.com;Agender;230.92.197.162;;
268;Bennie;Howlin;bhowlin7f@guardian.co.uk;Male;224.41.210.80;;
269;Fredrick;Hesbrook;fhesbrook7g@hao123.com;Male;123.131.142.33;;
270;Karil;Thomesson;kthomesson7h@feedburner.com;Female;117.10.239.132;;
271;Tori;Binns;tbinns7i@kickstarter.com;Female;124.182.252.93;;
272;Minni;Pepperill;mpepperill7j@apple.com;Female;150.172.169.127;;
273;Fernando;Brunelli;fbrunelli7k@themeforest.net;Male;46.235.202.3;;
274;Lacee;Fautley;lfautley7l@walmart.com;Female;234.84.15.210;;
275;Adan;Gimeno;agimeno7m@sfgate.com;Male;55.23.201.194;;
276;Barbi;Sarsfield;bsarsfield7n@bandcamp.com;Female;7.85.197.162;;
277;Rubina;McNee;rmcnee7o@acquirethisname.com;Female;121.247.45.37;;
278;Franklin;Maddra;fmaddra7p@about.me;Genderqueer;213.15.34.85;;
279;Miller;Ingledew;mingledew7q@dropbox.com;Male;153.112.197.217;;
280;Stephenie;Base;sbase7r@whitehouse.gov;Female;125.208.5.10;;
281;Briant;Goulstone;bgoulstone7s@google.es;Male;4.152.180.241;;
282;Libbie;Ginnane;lginnane7t@gov.uk;Female;238.237.166.64;;
283;Lemmie;Puncher;lpuncher7u@meetup.com;Male;194.101.40.50;;
284;Kaycee;Waywell;kwaywell7v@google.nl;Female;209.195.74.163;;
285;Kermy;Kloser;kkloser7w@people.com.cn;Male;140.176.14.230;;
286;Jarid;Spyvye;jspyvye7x@quantcast.com;Agender;1.42.145.34;;
287;Annaliese;Pulhoster;apulhoster7y@narod.ru;Female;179.35.105.164;;
288;Corliss;Markwick;cmarkwick7z@sohu.com;Female;168.230.91.155;;
289;Averil;ducarme;aducarme80@delicious.com;Female;186.206.210.140;;
290;Scot;Mary;smary81@360.cn;Male;125.243.205.107;;
291;Bernetta;McNirlan;bmcnirlan82@weibo.com;Female;169.248.206.122;;
292;Kai;Thorington;kthorington83@networkadvertising.org;Female;104.249.34.117;;
293;Henri;Shardlow;hshardlow84@sphinn.com;Male;104.183.119.213;;
294;Dyanna;Siddele;dsiddele85@google.nl;Female;23.22.150.120;;
295;Ibby;De Normanville;idenormanville86@purevolume.com;Female;42.221.198.222;;
296;Dari;Gonzales;dgonzales87@cdbaby.com;Non-binary;86.219.222.185;;
297;Fidel;Waring;fwaring88@ameblo.jp;Male;229.235.72.80;;
298;Claudell;Duffet;cduffet89@nifty.com;Bigender;201.15.76.70;;
299;Eberto;Finicj;efinicj8a@creativecommons.org;Male;14.213.112.63;;
300;Etheline;Abramovitch;eabramovitch8b@amazon.de;Female;140.228.49.206;;
301;See;Matheson;smatheson8c@ca.gov;Bigender;149.222.54.250;;
302;Hamlin;Leeburne;hleeburne8d@dropbox.com;Male;214.13.99.7;;
303;Jeremias;Louthe;jlouthe8e@abc.net.au;Male;204.78.142.81;;
304;Brian;Verbrugge;bverbrugge8f@adobe.com;Male;138.121.163.135;;
305;Alexis;Cawthera;acawthera8g@google.it;Female;190.21.80.143;;
306;Cesare;Boughey;cboughey8h@techcrunch.com;Male;162.221.166.2;;
307;Lyell;Kunz;lkunz8i@godaddy.com;Male;194.130.224.132;;
308;Ermina;Vosse;evosse8j@diigo.com;Female;129.119.22.132;;
309;Hendrick;Ariss;hariss8k@bizjournals.com;Male;171.238.27.115;;
310;Mychal;Castree;mcastree8l@miibeian.gov.cn;Male;106.62.53.193;;
311;Devy;Hurley;dhurley8m@digg.com;Male;245.52.83.90;;
312;Darcy;Minghetti;dminghetti8n@123-reg.co.uk;Male;97.180.65.145;;
313;Isadora;Fashion;ifashion8o@hexun.com;Female;246.27.197.229;;
314;Oby;Coales;ocoales8p@google.ru;Male;32.214.121.19;;
315;Griffith;Rosander;grosander8q@dropbox.com;Male;15.92.26.191;;
316;Anders;Fleeming;afleeming8r@pinterest.com;Male;186.193.196.155;;
317;Britte;Rudinger;brudinger8s@angelfire.com;Female;53.150.114.139;;
318;Aurora;Giraux;agiraux8t@cnbc.com;Female;194.119.156.246;;
319;Gisele;Adamovitch;gadamovitch8u@jalbum.net;Female;59.15.31.17;;
320;Alasteir;Coyett;acoyett8v@rediff.com;Male;86.111.163.11;;
321;Everard;Brandon;ebrandon8w@rediff.com;Male;195.96.129.58;;
322;Michail;Blazewski;mblazewski8x@sfgate.com;Male;220.89.164.185;;
323;Berti;Dahmke;bdahmke8y@who.int;Male;41.137.0.211;;
324;Kalindi;Coller;kcoller8z@wsj.com;Female;155.132.140.252;;
325;Selestina;Picford;spicford90@ifeng.com;Female;195.182.32.241;;
326;Oralie;Clemas;oclemas91@theatlantic.com;Female;92.25.226.23;;
327;Theodosia;Waldron;twaldron92@google.ca;Female;23.77.31.236;;
328;Rickie;De Beneditti;rdebeneditti93@ehow.com;Female;127.62.149.52;;
329;Shirley;Nettleship;snettleship94@jigsy.com;Female;1.139.125.43;;
330;Chickie;Trenear;ctrenear95@xinhuanet.com;Female;15.106.169.119;;
331;Jorey;Kitchen;jkitchen96@sun.com;Female;122.0.60.56;;
332;Krista;Flounders;kflounders97@reddit.com;Female;242.218.176.14;;
333;Cord;Giacobelli;cgiacobelli98@cbslocal.com;Male;219.194.110.114;;
334;Aristotle;Vearncombe;avearncombe99@yandex.ru;Agender;78.107.129.46;;
335;Jarid;Brettle;jbrettle9a@dmoz.org;Male;14.71.171.40;;
336;Nevin;Yarr;nyarr9b@google.com.au;Agender;226.142.121.205;;
337;Saraann;Tweedle;stweedle9c@narod.ru;Female;151.189.121.253;;
338;Gunar;Revans;grevans9d@springer.com;Male;253.84.123.87;;
339;Oberon;Mawd;omawd9e@usnews.com;Male;172.57.107.124;;
340;Salomi;Pitrollo;spitrollo9f@nyu.edu;Female;64.240.13.161;;
341;Kean;Andersen;kandersen9g@nasa.gov;Male;65.118.10.55;;
342;Hedwiga;Hardway;hhardway9h@state.gov;Female;144.54.44.248;;
343;Elnora;Tailby;etailby9i@t-online.de;Female;187.233.155.212;;
344;Sofia;Rome;srome9j@reddit.com;Female;232.54.116.99;;
345;Almire;Samsin;asamsin9k@reddit.com;Female;34.59.228.111;;
346;Terri;Donaghy;tdonaghy9l@free.fr;Genderqueer;252.207.103.37;;
347;Jae;Deegin;jdeegin9m@smh.com.au;Male;43.140.91.100;;
348;Tedda;Meynell;tmeynell9n@sfgate.com;Female;144.73.106.9;;
349;Artur;Munnis;amunnis9o@photobucket.com;Male;98.55.249.245;;
350;Dana;Perazzo;dperazzo9p@issuu.com;Male;223.179.160.195;;
351;Sterling;Stuchburie;sstuchburie9q@unblog.fr;Male;163.62.135.28;;
352;Cherie;Gimeno;cgimeno9r@ocn.ne.jp;Female;221.186.144.109;;
353;Sig;Gladwish;sgladwish9s@mysql.com;Male;149.177.14.169;;
354;Creighton;Czajkowska;cczajkowska9t@disqus.com;Male;82.30.12.62;;
355;Waylon;Slisby;wslisby9u@vinaora.com;Male;193.149.107.140;;
356;Ivory;Rubenov;irubenov9v@bing.com;Female;190.91.6.196;;
357;Nichols;Pellissier;npellissier9w@huffingtonpost.com;Male;179.181.18.204;;
358;Luis;Vanyashin;lvanyashin9x@utexas.edu;Non-binary;149.234.6.126;;
359;Ty;Bascomb;tbascomb9y@nih.gov;Male;161.88.66.174;;
360;Cassie;Zimmermanns;czimmermanns9z@soundcloud.com;Female;103.124.112.109;;
361;Carmel;Keigher;ckeighera0@lycos.com;Polygender;160.109.216.115;;
362;Malorie;McKeating;mmckeatinga1@w3.org;Female;100.38.162.207;;
363;Ceciley;Bartozzi;cbartozzia2@examiner.com;Female;88.208.34.116;;
364;Gilberto;Antic;gantica3@infoseek.co.jp;Male;132.70.218.112;;
365;Ambrose;Sarver;asarvera4@istockphoto.com;Male;229.26.87.220;;
366;Herb;Merwood;hmerwooda5@gmpg.org;Male;209.200.198.43;;
367;Hallie;Roycroft;hroycrofta6@washington.edu;Female;147.23.34.195;;
368;Murvyn;Smead;msmeada7@goo.ne.jp;Male;188.200.23.61;;
369;Dagny;Beckles;dbecklesa8@goodreads.com;Male;175.220.35.230;;
370;Katherine;Sadry;ksadrya9@domainmarket.com;Female;112.223.140.203;;
371;Thorsten;Kingston;tkingstonaa@mapy.cz;Male;60.38.166.94;;
372;Cally;Itzak;citzakab@tamu.edu;Female;252.58.142.121;;
373;Hetty;Blain;hblainac@quantcast.com;Female;128.225.178.234;;
374;Rufus;Kubasiewicz;rkubasiewiczad@lycos.com;Male;161.8.5.183;;
375;Carlita;Thominga;cthomingaae@biglobe.ne.jp;Female;207.108.58.46;;
376;Maison;Briamo;mbriamoaf@friendfeed.com;Male;97.254.180.15;;
377;Vaughan;Braid;vbraidag@newyorker.com;Agender;177.13.132.9;;
378;Jeanette;Gobel;jgobelah@de.vu;Female;207.201.137.175;;
379;Dionis;Goodier;dgoodierai@sogou.com;Female;184.156.10.199;;
380;Constantina;Goldsack;cgoldsackaj@seattletimes.com;Female;149.37.134.253;;
381;Editha;Quennell;equennellak@jugem.jp;Female;249.193.107.217;;
382;George;Genever;ggeneveral@jigsy.com;Male;194.49.247.19;;
383;Cammi;Isac;cisacam@ox.ac.uk;Female;52.192.145.24;;
384;Annabella;Lisle;alislean@soundcloud.com;Bigender;177.20.117.222;;
385;Gunther;Mangan;gmanganao@tiny.cc;Male;216.55.231.1;;
386;Rubia;Tire;rtireap@alibaba.com;Female;167.66.199.175;;
387;Teodor;Sjollema;tsjollemaaq@tumblr.com;Male;242.1.129.92;;
388;Bartie;Toffel;btoffelar@sina.com.cn;Male;160.56.250.190;;
389;Artemis;Carvilla;acarvillaas@shareasale.com;Male;92.51.213.72;;
390;Dino;Pointin;dpointinat@jigsy.com;Male;186.82.49.198;;
391;Terri;Hruska;thruskaau@comsenz.com;Female;48.114.130.43;;
392;Daven;Harme;dharmeav@imgur.com;Male;24.107.232.225;;
393;Thain;Pirnie;tpirnieaw@wiley.com;Male;219.141.211.164;;
394;D'arcy;Bedbury;dbedburyax@123-reg.co.uk;Male;30.68.6.80;;
395;Christal;Shead;csheaday@vkontakte.ru;Female;175.90.47.240;;
396;Dixie;Cooke;dcookeaz@vistaprint.com;Female;58.8.199.64;;
397;Rab;Kowalski;rkowalskib0@dailymail.co.uk;Male;174.148.173.149;;
398;Beltran;Longbothom;blongbothomb1@issuu.com;Male;51.167.25.181;;
399;Ringo;Portress;rportressb2@storify.com;Male;58.88.234.201;;
400;Tamra;O'Scully;toscullyb3@taobao.com;Bigender;152.106.226.17;;
401;Jack;Hatliff;jhatliffb4@jiathis.com;Male;6.237.123.112;;
402;Aldon;Harkess;aharkessb5@economist.com;Male;3.93.194.251;;
403;Cati;Gallard;cgallardb6@vk.com;Female;53.14.106.118;;
404;Jill;Brunet;jbrunetb7@edublogs.org;Female;47.203.121.108;;
405;Hillie;Flegg;hfleggb8@altervista.org;Male;199.220.228.113;;
406;Raye;Yakunkin;ryakunkinb9@economist.com;Female;250.34.117.176;;
407;Karlie;Crum;kcrumba@answers.com;Female;197.186.151.57;;
408;Randie;Sprakes;rsprakesbb@amazon.de;Female;109.168.54.103;;
409;Jephthah;Moquin;jmoquinbc@yandex.ru;Male;215.127.198.171;;
410;Cornie;June;cjunebd@google.nl;Female;95.202.136.48;;
411;Barbee;Sheahan;bsheahanbe@smugmug.com;Female;29.175.39.84;;
412;Katrinka;Barby;kbarbybf@yahoo.com;Genderfluid;0.176.44.10;;
413;Trevar;Hollyman;thollymanbg@scientificamerican.com;Male;74.119.127.201;;
414;Ana;Deplacido;adeplacidobh@berkeley.edu;Female;209.69.241.238;;
415;Damita;MacNair;dmacnairbi@admin.ch;Female;173.150.162.174;;
416;Dee;Heistermann;dheistermannbj@zdnet.com;Female;69.59.123.71;;
417;Deanna;Fidler;dfidlerbk@joomla.org;Female;169.105.171.158;;
418;Dun;Clemenza;dclemenzabl@oaic.gov.au;Male;100.20.185.226;;
419;Bailey;Maddrell;bmaddrellbm@cpanel.net;Male;103.21.40.232;;
420;Silvain;Dunkinson;sdunkinsonbn@google.pl;Male;188.75.73.14;;
421;Urban;Hadcroft;uhadcroftbo@google.co.jp;Male;136.51.153.240;;
422;Spencer;Allery;sallerybp@yolasite.com;Male;53.23.116.186;;
423;Marissa;Gierek;mgierekbq@hostgator.com;Polygender;206.225.112.81;;
424;Rodger;Metcalf;rmetcalfbr@hexun.com;Male;168.158.55.25;;
425;Enrique;Lambin;elambinbs@dell.com;Genderqueer;85.244.140.69;;
426;Tracie;Loftie;tloftiebt@friendfeed.com;Female;155.25.210.67;;
427;Hunter;Tombling;htomblingbu@cnbc.com;Male;153.161.51.207;;
428;Renae;Shafto;rshaftobv@foxnews.com;Female;120.71.1.129;;
429;Terri;Tieman;ttiemanbw@wunderground.com;Female;100.109.223.68;;
430;Merell;Mil;mmilbx@sakura.ne.jp;Male;128.59.246.112;;
431;Kevon;Haggis;khaggisby@fc2.com;Male;131.16.23.86;;
432;Cymbre;Fasse;cfassebz@delicious.com;Female;119.179.152.226;;
433;Vernon;Raybould;vraybouldc0@time.com;Polygender;190.102.127.221;;
434;Henrieta;Hebburn;hhebburnc1@prlog.org;Female;10.251.70.235;;
435;Elnore;Cossam;ecossamc2@g.co;Female;228.88.139.22;;
436;Sherlocke;Breeze;sbreezec3@creativecommons.org;Male;68.180.154.238;;
437;Audy;Manilo;amaniloc4@mozilla.com;Female;63.99.95.221;;
438;Ricoriki;Sainter;rsainterc5@rakuten.co.jp;Male;200.197.53.125;;
439;Ansley;Bygott;abygottc6@oracle.com;Female;88.193.161.185;;
440;Mella;Heymes;mheymesc7@issuu.com;Female;134.217.155.63;;
441;Clerissa;Hillitt;chillittc8@wufoo.com;Female;28.167.108.120;;
442;Marti;Iiannone;miiannonec9@soup.io;Female;57.9.185.63;;
443;Reginald;Maccree;rmaccreeca@zdnet.com;Male;123.186.51.189;;
444;Monro;Witchalls;mwitchallscb@pen.io;Male;123.233.221.110;;
445;Rowland;Webb-Bowen;rwebbbowencc@skype.com;Male;23.229.30.86;;
446;Meggy;Jephson;mjephsoncd@behance.net;Female;21.223.184.231;;
447;Jdavie;Guisot;jguisotce@cisco.com;Male;72.226.59.69;;
448;Raynell;Freen;rfreencf@zimbio.com;Female;71.128.105.198;;
449;Kevin;Ratley;kratleycg@mail.ru;Male;33.204.57.52;;
450;Tome;Thorn;tthornch@themeforest.net;Male;92.73.70.105;;
451;Axe;Pobjoy;apobjoyci@cargocollective.com;Male;54.146.159.235;;
452;Eal;Scammonden;escammondencj@storify.com;Male;72.57.243.51;;
453;Cosetta;Wimes;cwimesck@google.co.jp;Female;151.242.254.62;;
454;Florentia;Ransome;fransomecl@dagondesign.com;Female;4.223.201.63;;
455;Genia;Jadczak;gjadczakcm@amazon.co.jp;Female;60.40.10.115;;
456;Pansy;Stucksbury;pstucksburycn@blogspot.com;Female;112.97.137.156;;
457;Lawrence;Ramsey;lramseyco@domainmarket.com;Male;142.243.245.151;;
458;Laetitia;Haddow;lhaddowcp@usgs.gov;Female;131.42.56.142;;
459;Saudra;Lammas;slammascq@people.com.cn;Female;69.149.98.148;;
460;Pru;Greser;pgresercr@ucoz.com;Female;4.116.89.51;;
461;Kaycee;Buttner;kbuttnercs@indiatimes.com;Female;99.58.229.145;;
462;Twila;Chaters;tchatersct@nyu.edu;Female;92.246.132.100;;
463;Avery;Oaker;aoakercu@wikipedia.org;Male;148.232.121.174;;
464;Beitris;Pitkins;bpitkinscv@marriott.com;Female;217.105.206.155;;
465;Franz;Tayler;ftaylercw@cnn.com;Male;114.180.110.89;;
466;Celia;Flarity;cflaritycx@4shared.com;Genderfluid;138.218.203.188;;
467;Hamnet;Garlett;hgarlettcy@vkontakte.ru;Male;242.171.40.251;;
468;Anabella;Pearlman;apearlmancz@reference.com;Female;208.230.54.233;;
469;Angele;McAmish;amcamishd0@whitehouse.gov;Female;154.86.50.92;;
470;Erick;Clague;eclagued1@fda.gov;Male;228.132.25.18;;
471;Danny;Bassford;dbassfordd2@sohu.com;Male;76.79.140.141;;
472;Felecia;Wicks;fwicksd3@weather.com;Polygender;242.130.219.99;;
473;Anestassia;Smeeton;asmeetond4@telegraph.co.uk;Female;210.178.41.112;;
474;Melly;Scrivner;mscrivnerd5@ibm.com;Female;154.184.192.37;;
475;Nessi;Pirie;npiried6@marketwatch.com;Female;197.185.189.183;;
476;Ernestus;Yakubowicz;eyakubowiczd7@census.gov;Male;53.206.198.195;;
477;Abby;Goldingay;agoldingayd8@nymag.com;Female;204.167.33.23;;
478;Leontyne;Laffranconi;llaffranconid9@epa.gov;Female;155.153.103.124;;
479;Belvia;Forster;bforsterda@tmall.com;Female;37.101.186.212;;
480;Pietra;Peterken;ppeterkendb@360.cn;Female;241.55.231.83;;
481;Terencio;Scarman;tscarmandc@nba.com;Male;182.115.245.58;;
482;Julissa;Coulston;jcoulstondd@google.fr;Female;216.168.60.225;;
483;Ellery;Sokill;esokillde@people.com.cn;Male;229.102.220.2;;
484;Harriott;Cliffe;hcliffedf@utexas.edu;Female;103.94.87.179;;
485;Hilary;Toller;htollerdg@msn.com;Male;109.33.149.185;;
486;Jeniece;Scowcroft;jscowcroftdh@sbwire.com;Female;62.208.200.22;;
487;Burnaby;Preto;bpretodi@oakley.com;Male;97.111.209.165;;
488;Bat;Drewe;bdrewedj@ed.gov;Male;87.120.134.148;;
489;Drake;Van Leeuwen;dvanleeuwendk@diigo.com;Male;235.118.235.63;;
490;Alanah;Renbold;arenbolddl@taobao.com;Female;3.29.103.223;;
491;Rutherford;Nardrup;rnardrupdm@tamu.edu;Male;155.201.95.110;;
492;Currie;Sertin;csertindn@washington.edu;Male;14.104.161.86;;
493;Candi;Rahl;crahldo@yahoo.com;Genderqueer;212.149.116.203;;
494;Ernesto;Makey;emakeydp@wufoo.com;Genderfluid;5.42.94.232;;
495;Marcie;Kempston;mkempstondq@behance.net;Female;238.157.100.63;;
496;Freeland;Essberger;fessbergerdr@virginia.edu;Male;188.159.98.219;;
497;Jenn;Kaesmans;jkaesmansds@sfgate.com;Female;86.220.225.69;;
498;Erv;Skerritt;eskerrittdt@examiner.com;Male;153.235.40.204;;
499;Mace;Lougheid;mlougheiddu@latimes.com;Male;85.128.55.230;;
500;Giselbert;Sarjant;gsarjantdv@cnn.com;Male;32.81.175.182;;
501;Meghan;Ondrousek;mondrousekdw@vimeo.com;Agender;203.24.163.217;;
502;Mason;Elmhirst;melmhirstdx@freewebs.com;Male;213.11.98.70;;
503;Margot;Hagyard;mhagyarddy@time.com;Female;125.61.189.182;;
504;Corty;Gieves;cgievesdz@nbcnews.com;Male;144.23.119.36;;
505;Randolph;McRory;rmcrorye0@illinois.edu;Male;212.106.122.229;;
506;Nert;Bryson;nbrysone1@gizmodo.com;Genderfluid;201.103.181.25;;
507;Timmie;Brydone;tbrydonee2@guardian.co.uk;Agender;208.191.17.244;;
508;Moses;Bentham;mbenthame3@vimeo.com;Male;167.246.198.96;;
509;Jandy;Monkleigh;jmonkleighe4@hostgator.com;Female;193.183.128.91;;
510;Jasper;Arundell;jarundelle5@hhs.gov;Male;18.50.26.192;;
511;Maribelle;Rosenblatt;mrosenblatte6@free.fr;Female;207.194.143.251;;
512;Geri;Doale;gdoalee7@ocn.ne.jp;Male;95.97.73.19;;
513;Denice;Romans;dromanse8@harvard.edu;Female;156.173.195.68;;
514;Evan;Bashford;ebashforde9@instagram.com;Male;168.173.121.229;;
515;Latrina;Fyrth;lfyrthea@ask.com;Female;203.37.92.19;;
516;Doro;Isabell;disabelleb@nba.com;Female;229.138.247.75;;
517;Delmer;Gerrell;dgerrellec@cdbaby.com;Male;88.165.164.45;;
518;Morgun;Drillingcourt;mdrillingcourted@posterous.com;Male;152.90.119.59;;
519;Roxie;Simkin;rsimkinee@t.co;Female;138.73.27.144;;
520;Moira;Deehan;mdeehanef@amazon.co.uk;Female;171.233.76.9;;
521;Shirleen;Forber;sforbereg@smugmug.com;Female;121.115.213.114;;
522;Chip;Witling;cwitlingeh@senate.gov;Male;102.42.83.209;;
523;Morty;Hallgarth;mhallgarthei@dagondesign.com;Male;62.177.13.248;;
524;Tisha;Gutowska;tgutowskaej@tinyurl.com;Female;97.210.209.130;;
525;Grenville;Viall;gviallek@cloudflare.com;Male;113.49.5.53;;
526;Benny;Pietranek;bpietranekel@amazon.de;Male;166.248.110.231;;
527;Wade;Grishanov;wgrishanovem@yellowpages.com;Male;242.204.43.188;;
528;Willamina;Chancelier;wchancelieren@ifeng.com;Female;99.201.55.179;;
529;Bianka;Punton;bpuntoneo@reddit.com;Female;140.65.196.40;;
530;Darlleen;Peery;dpeeryep@sun.com;Female;59.208.216.248;;
531;Jeralee;Cordelet;jcordeleteq@unesco.org;Female;144.21.70.223;;
532;Stacie;Masedon;smasedoner@theguardian.com;Female;69.159.85.180;;
533;Kissiah;Whye;kwhyees@wired.com;Female;232.83.47.223;;
534;Avrit;Harkess;aharkesset@yahoo.co.jp;Female;86.147.218.215;;
535;Bernie;Bartholomieu;bbartholomieueu@un.org;Male;208.13.10.180;;
536;Andrea;Abramovic;aabramovicev@chronoengine.com;Male;214.199.3.246;;
537;Omar;Bebbell;obebbellew@uol.com.br;Male;111.117.98.47;;
538;Jerrold;Davsley;jdavsleyex@bbc.co.uk;Male;90.215.123.190;;
539;Loutitia;Blaymires;lblaymiresey@squarespace.com;Female;58.132.240.163;;
540;Obediah;O'Corrane;oocorraneez@storify.com;Male;201.134.164.35;;
541;Walton;Terrelly;wterrellyf0@free.fr;Genderqueer;150.70.132.119;;
542;Reinhold;Tubbs;rtubbsf1@vinaora.com;Male;159.251.88.123;;
543;Carolann;Orae;coraef2@blogtalkradio.com;Female;199.230.49.86;;
544;Ellen;Shellibeer;eshellibeerf3@webnode.com;Genderqueer;99.2.60.0;;
545;Trix;Local;tlocalf4@salon.com;Female;21.124.154.28;;
546;Aluin;Ballin;aballinf5@eepurl.com;Genderfluid;150.68.105.100;;
547;Harrie;McInnery;hmcinneryf6@hp.com;Female;123.81.119.47;;
548;Windy;Fishleigh;wfishleighf7@oakley.com;Female;59.7.30.208;;
549;Alexis;Piercey;apierceyf8@altervista.org;Female;51.75.178.143;;
550;Nichols;Belchamber;nbelchamberf9@people.com.cn;Male;96.173.44.57;;
551;Norri;Zorzoni;nzorzonifa@vk.com;Female;49.146.203.187;;
552;Joela;Migheli;jmighelifb@feedburner.com;Female;83.171.98.83;;
553;Magnum;Nell;mnellfc@toplist.cz;Male;2.235.185.129;;
554;Frannie;Paradine;fparadinefd@npr.org;Male;183.239.109.142;;
555;Tyler;Redshaw;tredshawfe@slideshare.net;Male;197.128.243.223;;
556;Gunilla;Piegrome;gpiegromeff@addtoany.com;Female;120.96.236.145;;
557;Any;Warne;awarnefg@bizjournals.com;Male;148.163.107.142;;
558;Mickie;Hollingdale;mhollingdalefh@slate.com;Male;243.96.207.121;;
559;Bertrando;Gerren;bgerrenfi@jimdo.com;Male;73.81.6.91;;
560;Stesha;Arnett;sarnettfj@storify.com;Female;154.118.208.161;;
561;Berne;Dulany;bdulanyfk@npr.org;Male;43.244.188.123;;
562;Madge;Bury;mburyfl@privacy.gov.au;Female;97.236.122.235;;
563;Gino;Aslin;gaslinfm@stanford.edu;Male;195.110.34.160;;
564;Riva;Tourville;rtourvillefn@elpais.com;Female;98.253.40.76;;
565;Guillaume;MacDonell;gmacdonellfo@sciencedirect.com;Male;61.144.9.43;;
566;Dur;Roark;droarkfp@gizmodo.com;Male;123.24.80.18;;
567;Daisie;Cromett;dcromettfq@wisc.edu;Female;78.95.147.210;;
568;Kimbra;Babonau;kbabonaufr@hc360.com;Female;120.41.154.248;;
569;Benedetto;Eilhart;beilhartfs@thetimes.co.uk;Male;214.67.164.93;;
570;Minne;Lindley;mlindleyft@vkontakte.ru;Female;147.249.239.128;;
571;Dulci;McJury;dmcjuryfu@merriam-webster.com;Female;180.19.63.68;;
572;Timothy;McFetridge;tmcfetridgefv@mail.ru;Male;16.88.155.108;;
573;Robyn;Dentith;rdentithfw@odnoklassniki.ru;Genderqueer;43.149.59.12;;
574;Gustaf;Albasini;galbasinifx@addthis.com;Male;211.32.95.253;;
575;Toddie;Oboy;toboyfy@salon.com;Male;174.30.40.5;;
576;Patrick;Le Gall;plegallfz@bbb.org;Male;65.235.7.155;;
577;Gawen;Pourveer;gpourveerg0@gizmodo.com;Male;128.78.251.180;;
578;Lorens;Hucke;lhuckeg1@fc2.com;Male;146.168.66.8;;
579;Wendell;Impy;wimpyg2@ocn.ne.jp;Male;40.59.180.17;;
580;Evonne;Marciek;emarciekg3@cbc.ca;Female;78.70.63.141;;
581;Basilio;Pitherick;bpitherickg4@bloglovin.com;Genderfluid;103.159.78.159;;
582;Dore;Burdekin;dburdeking5@bandcamp.com;Male;8.199.132.159;;
583;Gwenette;Clawe;gclaweg6@bbb.org;Female;148.218.134.33;;
584;Romain;Boundley;rboundleyg7@example.com;Male;91.220.238.140;;
585;Duff;Cosby;dcosbyg8@google.com.br;Male;211.146.232.216;;
586;Lynett;Caush;lcaushg9@gravatar.com;Female;203.106.227.87;;
587;Fredek;Kurton;fkurtonga@prnewswire.com;Male;209.78.134.243;;
588;Irina;Courtier;icourtiergb@i2i.jp;Female;117.134.177.60;;
589;Kurt;Blasgen;kblasgengc@t.co;Male;164.11.3.199;;
590;Ringo;Gamlyn;rgamlyngd@t.co;Male;37.59.251.79;;
591;Kirbee;Fancy;kfancyge@uiuc.edu;Female;57.67.132.184;;
592;Kendra;Blasdale;kblasdalegf@independent.co.uk;Female;104.35.95.205;;
593;Ida;Burgen;iburgengg@cyberchimps.com;Female;204.200.229.62;;
594;Clifford;Hurlin;churlingh@smh.com.au;Non-binary;126.99.198.140;;
595;Ivett;McGahey;imcgaheygi@naver.com;Female;104.170.135.165;;
596;Desmund;Parrett;dparrettgj@mozilla.org;Male;143.220.157.11;;
597;Sheila;Calley;scalleygk@yelp.com;Female;58.170.247.12;;
598;Dorree;Hegel;dhegelgl@people.com.cn;Female;62.186.62.204;;
599;Judi;Buckland;jbucklandgm@meetup.com;Female;58.193.43.214;;
600;Belia;Wessel;bwesselgn@tmall.com;Female;235.211.127.2;;
601;Sosanna;Witard;switardgo@zimbio.com;Female;103.141.219.235;;
602;Barbabra;Lindberg;blindberggp@reverbnation.com;Bigender;238.60.248.206;;
603;Rhonda;Rohan;rrohangq@feedburner.com;Female;201.77.7.158;;
604;Mariel;Gath;mgathgr@over-blog.com;Female;104.83.133.69;;
605;Clevey;Renard;crenardgs@msn.com;Male;150.182.93.97;;
606;Heidie;Knagges;hknaggesgt@ameblo.jp;Female;181.76.25.92;;
607;Kessia;Tant;ktantgu@feedburner.com;Bigender;244.53.147.114;;
608;Carmelle;Leake;cleakegv@dion.ne.jp;Female;33.17.162.212;;
609;Helaina;Stefanovic;hstefanovicgw@qq.com;Female;100.47.145.43;;
610;Ilysa;Tait;itaitgx@un.org;Female;241.214.69.28;;
611;Leontyne;Valsler;lvalslergy@miibeian.gov.cn;Female;108.245.78.5;;
612;Yettie;Greenaway;ygreenawaygz@chronoengine.com;Female;32.149.76.49;;
613;Tallia;MacCaull;tmaccaullh0@google.pl;Agender;142.232.57.126;;
614;Patton;Wreakes;pwreakesh1@spiegel.de;Male;250.77.115.150;;
615;Emery;Craw;ecrawh2@vinaora.com;Male;0.179.93.219;;
616;Delcina;Beringer;dberingerh3@mashable.com;Female;79.252.105.74;;
617;Bert;Robeson;brobesonh4@hao123.com;Genderfluid;215.254.126.230;;
618;Pammi;Matchett;pmatchetth5@naver.com;Female;114.67.225.88;;
619;Danika;Golling;dgollingh6@cbc.ca;Female;151.170.176.19;;
620;Corina;Campaigne;ccampaigneh7@unc.edu;Female;156.217.133.253;;
621;Giuseppe;Wiley;gwileyh8@desdev.cn;Male;240.45.209.237;;
622;Christophorus;Heavyside;cheavysideh9@abc.net.au;Male;43.89.38.224;;
623;Almeda;Crutcher;acrutcherha@independent.co.uk;Female;96.108.9.69;;
624;Constantina;Golthorpp;cgolthorpphb@umn.edu;Female;48.109.12.188;;
625;Joella;Cutajar;jcutajarhc@addthis.com;Bigender;176.25.59.132;;
626;Allissa;Edlestone;aedlestonehd@diigo.com;Female;66.121.253.42;;
627;Konrad;Fanton;kfantonhe@hibu.com;Male;153.25.15.128;;
628;Frasier;Skalls;fskallshf@prnewswire.com;Male;192.219.31.157;;
629;Ethelind;Samter;esamterhg@imdb.com;Female;172.176.62.101;;
630;Guntar;Misk;gmiskhh@bloglovin.com;Male;192.76.177.241;;
631;Craig;Gorton;cgortonhi@cyberchimps.com;Male;2.111.34.37;;
632;Norbert;Helliar;nhelliarhj@webs.com;Male;150.160.89.112;;
633;Isaak;Reynold;ireynoldhk@msn.com;Male;134.204.78.237;;
634;Clarabelle;Gerred;cgerredhl@goo.gl;Female;176.222.44.83;;
635;Giuseppe;Atkin;gatkinhm@deviantart.com;Male;149.19.243.168;;
636;Rustin;Greenwell;rgreenwellhn@oakley.com;Male;101.125.152.67;;
637;Finley;Markushkin;fmarkushkinho@ehow.com;Male;219.90.175.187;;
638;Elena;Miettinen;emiettinenhp@cyberchimps.com;Female;150.171.82.52;;
639;Ervin;Giddins;egiddinshq@taobao.com;Male;7.144.40.224;;
640;Alma;Kynton;akyntonhr@xing.com;Female;233.80.234.65;;
641;Ludwig;Sellek;lsellekhs@arstechnica.com;Male;47.111.255.40;;
642;Abe;Domenico;adomenicoht@sphinn.com;Male;158.234.90.42;;
643;Adrian;Hevey;aheveyhu@ifeng.com;Genderqueer;98.35.203.15;;
644;Margette;Richardes;mrichardeshv@usgs.gov;Female;195.90.227.1;;
645;Thorn;Hannaford;thannafordhw@linkedin.com;Bigender;37.109.52.150;;
646;Kalina;Reboulet;kreboulethx@goo.ne.jp;Female;94.32.15.251;;
647;Karyn;Silverlock;ksilverlockhy@princeton.edu;Female;26.96.76.104;;
648;Druci;Lambrecht;dlambrechthz@patch.com;Female;122.117.29.211;;
649;Olive;Torrance;otorrancei0@shinystat.com;Polygender;84.109.220.1;;
650;Nani;Oakden;noakdeni1@cbsnews.com;Female;58.93.165.121;;
651;Querida;Cockerton;qcockertoni2@paginegialle.it;Female;98.82.63.28;;
652;Phelia;Benstead;pbensteadi3@networksolutions.com;Female;138.18.131.141;;
653;Wade;Durtnel;wdurtneli4@booking.com;Male;147.64.26.160;;
654;Melicent;Ridgwell;mridgwelli5@mozilla.org;Female;199.186.94.26;;
655;See;Jeays;sjeaysi6@nsw.gov.au;Male;55.225.97.122;;
656;Melisandra;Brissard;mbrissardi7@usa.gov;Female;204.125.59.172;;
657;Nedi;Phorsby;nphorsbyi8@java.com;Female;254.129.8.0;;
658;Shirley;Noad;snoadi9@ameblo.jp;Female;88.7.44.157;;
659;Wallis;Simon;wsimonia@storify.com;Female;87.27.206.23;;
660;Jayme;Lowthian;jlowthianib@over-blog.com;Male;69.176.90.235;;
661;Sterne;Fidian;sfidianic@tinypic.com;Genderqueer;167.110.62.173;;
662;Connie;Redpath;credpathid@photobucket.com;Female;148.159.34.114;;
663;Peg;Malicki;pmalickiie@cbc.ca;Female;54.47.117.114;;
664;Calhoun;Pepon;cpeponif@earthlink.net;Male;249.130.34.40;;
665;Kele;Leaney;kleaneyig@europa.eu;Male;121.107.139.40;;
666;Jacquelynn;Mosson;jmossonih@nbcnews.com;Non-binary;106.14.184.21;;
667;Dianna;Asbery;dasberyii@ehow.com;Female;139.213.50.46;;
668;Malvin;Swiggs;mswiggsij@about.com;Male;91.211.227.226;;
669;Merwin;Humphrys;mhumphrysik@sciencedirect.com;Male;202.199.123.92;;
670;Stephie;Melbert;smelbertil@imageshack.us;Female;63.153.220.103;;
671;Barron;Viner;bvinerim@merriam-webster.com;Male;137.74.243.119;;
672;Jayme;Wands;jwandsin@spotify.com;Female;23.221.203.127;;
673;Gerome;Theodoris;gtheodorisio@hc360.com;Male;102.122.230.46;;
674;Consuelo;Gornall;cgornallip@ustream.tv;Female;94.55.219.153;;
675;Raf;Hoys;rhoysiq@abc.net.au;Female;143.195.154.117;;
676;Marlow;Haxley;mhaxleyir@globo.com;Male;93.51.134.235;;
677;Linnell;Deadman;ldeadmanis@symantec.com;Female;112.108.195.12;;
678;Thor;Assender;tassenderit@boston.com;Male;59.204.173.247;;
679;Fenelia;Rushton;frushtoniu@dmoz.org;Female;48.189.226.98;;
680;Cherrita;Laborda;clabordaiv@tripod.com;Female;165.89.84.252;;
681;Shanta;Grazier;sgrazieriw@clickbank.net;Female;179.171.140.137;;
682;Adamo;Rheubottom;arheubottomix@prnewswire.com;Male;222.143.135.35;;
683;Gordie;Smuth;gsmuthiy@samsung.com;Male;35.251.186.198;;
684;Northrup;Blagdon;nblagdoniz@nature.com;Male;175.238.156.17;;
685;Yorke;Blinder;yblinderj0@e-recht24.de;Male;62.226.213.32;;
686;Benoit;Mabson;bmabsonj1@tiny.cc;Male;112.222.4.190;;
687;Brook;Cockley;bcockleyj2@unblog.fr;Male;63.122.43.42;;
688;Sidoney;Sarjent;ssarjentj3@vinaora.com;Female;123.108.90.4;;
689;Celestyna;Vasin;cvasinj4@bing.com;Female;3.189.110.28;;
690;Land;Stannah;lstannahj5@springer.com;Male;255.190.18.74;;
691;Emery;Cockshoot;ecockshootj6@trellian.com;Male;30.61.148.12;;
692;Lindi;Phipard-Shears;lphipardshearsj7@nsw.gov.au;Female;162.139.42.151;;
693;Darice;Levecque;dlevecquej8@thetimes.co.uk;Female;124.176.238.161;;
694;Chane;Dutteridge;cdutteridgej9@nationalgeographic.com;Male;190.68.156.197;;
695;Natassia;McShirie;nmcshirieja@4shared.com;Female;203.36.50.135;;
696;Mel;Fermoy;mfermoyjb@buzzfeed.com;Female;127.63.155.43;;
697;Dallis;Bedinn;dbedinnjc@wufoo.com;Male;217.138.114.220;;
698;Reinhold;Justun;rjustunjd@fc2.com;Male;71.232.24.85;;
699;Ibbie;Yakobowitch;iyakobowitchje@about.me;Female;40.238.224.46;;
700;Burlie;Edelman;bedelmanjf@people.com.cn;Male;242.4.143.83;;
701;Hadleigh;Keeves;hkeevesjg@cam.ac.uk;Male;78.215.16.35;;
702;Batholomew;Pudner;bpudnerjh@webeden.co.uk;Male;161.205.154.238;;
703;Nessie;Niemiec;nniemiecji@usgs.gov;Female;95.227.191.10;;
704;Blanch;Sancroft;bsancroftjj@ftc.gov;Female;68.177.38.152;;
705;Adan;Kasman;akasmanjk@example.com;Male;188.212.6.44;;
706;Aarika;Bowdon;abowdonjl@ebay.com;Female;225.7.245.107;;
707;Merilee;Ovanesian;movanesianjm@blogger.com;Female;251.194.186.212;;
708;Salvatore;Gotobed;sgotobedjn@cnn.com;Male;46.182.92.142;;
709;Fax;Bissiker;fbissikerjo@g.co;Male;91.225.185.104;;
710;Judd;Hallbord;jhallbordjp@miitbeian.gov.cn;Male;108.13.144.203;;
711;Idette;Daughton;idaughtonjq@google.com.au;Female;225.242.238.214;;
712;Lyndel;Dagon;ldagonjr@webnode.com;Female;20.42.71.143;;
713;Timmie;Trower;ttrowerjs@eepurl.com;Male;40.32.224.229;;
714;Livia;Dayne;ldaynejt@printfriendly.com;Female;230.67.185.255;;
715;Hugo;Bare;hbareju@devhub.com;Male;123.110.215.134;;
716;Edgardo;Losano;elosanojv@aol.com;Male;114.72.28.248;;
717;Daveta;McAreavey;dmcareaveyjw@myspace.com;Female;116.83.213.148;;
718;Cliff;Dielhenn;cdielhennjx@europa.eu;Non-binary;165.192.59.95;;
719;Lemmy;Yarker;lyarkerjy@i2i.jp;Genderqueer;76.93.136.149;;
720;Marci;Norcott;mnorcottjz@cisco.com;Female;47.194.9.221;;
721;Doria;Harrington;dharringtonk0@studiopress.com;Female;26.252.166.80;;
722;Tammie;Peace;tpeacek1@furl.net;Female;19.237.22.9;;
723;Pavel;Valentine;pvalentinek2@theglobeandmail.com;Male;208.106.54.49;;
724;Cordelia;Bottby;cbottbyk3@comsenz.com;Female;19.38.253.158;;
725;Janice;Caygill;jcaygillk4@nasa.gov;Female;185.56.161.203;;
726;Lilias;Trethowan;ltrethowank5@virginia.edu;Female;1.74.45.47;;
727;Doug;Wace;dwacek6@xinhuanet.com;Male;133.134.163.55;;
728;Natalina;Picknett;npicknettk7@artisteer.com;Female;61.207.223.107;;
729;Xylina;Dennerly;xdennerlyk8@sbwire.com;Female;214.12.110.195;;
730;Atlanta;Burdess;aburdessk9@vkontakte.ru;Female;87.16.216.87;;
731;Saidee;Shingfield;sshingfieldka@digg.com;Female;120.1.29.178;;
732;Shelbi;Penke;spenkekb@ow.ly;Female;111.210.185.249;;
733;Bel;Kuller;bkullerkc@last.fm;Female;212.42.227.182;;
734;Gaven;Margett;gmargettkd@creativecommons.org;Male;124.220.190.86;;
735;Grannie;O'Lynn;golynnke@gnu.org;Male;99.238.151.38;;
736;Reed;Huffer;rhufferkf@w3.org;Male;5.51.135.120;;
737;Giusto;Mulvagh;gmulvaghkg@latimes.com;Male;246.100.102.72;;
738;Mallory;Errol;merrolkh@shop-pro.jp;Male;36.92.82.105;;
739;Constantine;Fullilove;cfulliloveki@shop-pro.jp;Non-binary;45.178.149.235;;
740;Melinda;Abbati;mabbatikj@dot.gov;Female;23.214.40.68;;
741;Lyda;Leyson;lleysonkk@cyberchimps.com;Female;194.80.22.211;;
742;Jackquelin;Jakeway;jjakewaykl@dailymotion.com;Female;121.175.29.70;;
743;Dewain;Gawen;dgawenkm@bbc.co.uk;Male;139.157.108.45;;
744;Harli;Lidgertwood;hlidgertwoodkn@google.com;Female;203.158.254.251;;
745;Helen;Matei;hmateiko@vistaprint.com;Female;112.29.63.198;;
746;Heath;McClurg;hmcclurgkp@csmonitor.com;Female;3.19.181.106;;
747;Cathee;MacCurtain;cmaccurtainkq@msn.com;Female;251.146.171.168;;
748;Hastie;Hardbattle;hhardbattlekr@plala.or.jp;Male;71.171.5.10;;
749;Adrian;Sebborn;asebbornks@wordpress.org;Female;76.108.13.71;;
750;Zollie;de la Tremoille;zdelatremoillekt@youtube.com;Male;192.1.222.116;;
751;Rochella;Maier;rmaierku@google.com.br;Female;132.67.85.30;;
752;Freemon;Sherringham;fsherringhamkv@theglobeandmail.com;Male;82.47.160.81;;
753;Elnar;Skidmore;eskidmorekw@dion.ne.jp;Male;42.193.128.101;;
754;Renato;Schnieder;rschniederkx@facebook.com;Male;180.35.113.156;;
755;Barbaraanne;Purselow;bpurselowky@smh.com.au;Female;151.0.219.83;;
756;Alair;McKinnon;amckinnonkz@cpanel.net;Non-binary;194.110.37.56;;
757;Kin;Kench;kkenchl0@huffingtonpost.com;Male;218.4.108.127;;
758;Gloriana;Abrahams;gabrahamsl1@fc2.com;Female;141.92.53.94;;
759;Yorke;Barosch;ybaroschl2@twitpic.com;Male;210.187.184.163;;
760;Rafaellle;Reese;rreesel3@examiner.com;Male;3.253.108.255;;
761;Eleonore;Mounsey;emounseyl4@cbslocal.com;Female;66.196.246.45;;
762;Shelia;Marcum;smarcuml5@squarespace.com;Female;2.226.92.223;;
763;Amalle;Purveys;apurveysl6@buzzfeed.com;Female;31.220.71.118;;
764;Kaylyn;Shervil;kshervill7@hexun.com;Female;62.245.170.118;;
765;Avrom;Fereday;aferedayl8@tripadvisor.com;Male;41.198.217.58;;
766;Eduardo;Lesek;elesekl9@usatoday.com;Male;75.253.116.181;;
767;Lyndsie;Le Claire;lleclairela@illinois.edu;Female;29.175.93.246;;
768;Micheil;Kauffman;mkauffmanlb@sphinn.com;Bigender;153.147.163.144;;
769;Levey;Cutsforth;lcutsforthlc@ft.com;Male;213.60.242.52;;
770;Rosemonde;Fomichyov;rfomichyovld@marriott.com;Female;74.38.60.64;;
771;Aurel;Sushams;asushamsle@hao123.com;Female;170.35.187.126;;
772;Siouxie;Sprankling;sspranklinglf@goo.gl;Agender;216.97.77.174;;
773;Aurea;Monini;amoninilg@domainmarket.com;Female;55.31.70.0;;
774;Anthiathia;Hampshire;ahampshirelh@goodreads.com;Female;176.177.66.137;;
775;Bron;Yegoshin;byegoshinli@microsoft.com;Agender;47.185.219.149;;
776;Gratiana;Defty;gdeftylj@alibaba.com;Female;25.90.92.132;;
777;Rem;Shawel;rshawellk@uiuc.edu;Male;157.234.195.149;;
778;Arch;Dron;adronll@microsoft.com;Polygender;247.32.89.252;;
779;Deane;Pitceathly;dpitceathlylm@wsj.com;Male;48.132.155.209;;
780;Sherm;Tidmas;stidmasln@seesaa.net;Male;206.244.1.171;;
781;Clarinda;Foli;cfolilo@blogtalkradio.com;Female;91.9.44.61;;
782;Claresta;Picheford;cpichefordlp@howstuffworks.com;Female;105.47.20.9;;
783;Fionna;Prescote;fprescotelq@networkadvertising.org;Agender;238.183.174.183;;
784;Peyton;Tasch;ptaschlr@yellowbook.com;Male;0.66.80.113;;
785;Lazar;Simpkin;lsimpkinls@imgur.com;Male;51.240.185.204;;
786;Lucho;Swoffer;lswofferlt@baidu.com;Male;132.115.75.186;;
787;Jennine;Milham;jmilhamlu@naver.com;Female;215.180.100.161;;
788;Essy;Delia;edelialv@oakley.com;Non-binary;133.20.241.53;;
789;Adina;Duran;aduranlw@parallels.com;Female;172.24.119.118;;
790;Bessy;Allchorn;ballchornlx@yale.edu;Female;73.37.172.180;;
791;Onfroi;Monson;omonsonly@hexun.com;Male;202.108.55.40;;
792;Dominga;Balleine;dballeinelz@so-net.ne.jp;Female;169.229.229.28;;
793;Bobinette;Trowler;btrowlerm0@economist.com;Female;161.175.41.12;;
794;Hamnet;Youel;hyouelm1@freewebs.com;Male;118.81.152.93;;
795;Jonathan;Meugens;jmeugensm2@booking.com;Male;119.246.167.12;;
796;Gordon;Videan;gvideanm3@eepurl.com;Male;15.73.215.55;;
797;Zara;Simecek;zsimecekm4@51.la;Female;73.25.80.173;;
798;Aylmar;Branscombe;abranscombem5@patch.com;Male;187.102.16.75;;
799;Catie;Knewstubb;cknewstubbm6@aboutads.info;Female;166.213.35.175;;
800;Elwin;Gaudin;egaudinm7@tinyurl.com;Male;185.8.194.57;;
801;Quinn;Carville;qcarvillem8@ehow.com;Genderqueer;86.21.125.84;;
802;Gregorio;Smees;gsmeesm9@soundcloud.com;Male;59.243.113.233;;
803;Konstantine;Bahike;kbahikema@is.gd;Male;176.21.195.117;;
804;Mellicent;Fairfoul;mfairfoulmb@dion.ne.jp;Female;232.153.56.138;;
805;Mame;Screen;mscreenmc@nhs.uk;Female;42.217.158.22;;
806;Garv;Valde;gvaldemd@nytimes.com;Male;170.43.65.46;;
807;Sarette;Chafney;schafneyme@1688.com;Female;81.88.220.96;;
808;Grantley;Jarville;gjarvillemf@webnode.com;Male;128.111.105.204;;
809;Torry;Priel;tprielmg@yandex.ru;Male;155.216.74.254;;
810;Hanan;Storton;hstortonmh@bigcartel.com;Male;34.240.146.146;;
811;Neron;Cicchillo;ncicchillomi@dion.ne.jp;Male;69.29.85.243;;
812;Tammy;Swanton;tswantonmj@businessweek.com;Male;225.190.116.188;;
813;Keven;Smallbone;ksmallbonemk@engadget.com;Male;115.58.235.39;;
814;Alden;Hegel;ahegelml@stumbleupon.com;Male;148.84.232.176;;
815;Wilt;Gallyon;wgallyonmm@ezinearticles.com;Male;110.38.221.26;;
816;Letitia;Franceschi;lfranceschimn@bing.com;Female;185.243.200.250;;
817;Stanton;Norval;snorvalmo@bizjournals.com;Male;151.135.247.249;;
818;Donia;Leamy;dleamymp@ftc.gov;Female;4.10.45.39;;
819;Ker;Woolner;kwoolnermq@friendfeed.com;Male;223.120.26.52;;
820;Eugenius;Pandya;epandyamr@nbcnews.com;Male;29.90.3.30;;
821;Ladonna;Suerz;lsuerzms@hugedomains.com;Female;215.162.220.75;;
822;Moore;Latus;mlatusmt@unc.edu;Male;241.76.161.152;;
823;Gus;Birley;gbirleymu@com.com;Male;142.244.9.73;;
824;Hetti;Jodrelle;hjodrellemv@about.me;Female;170.7.106.128;;
825;Emmerich;Egdal;eegdalmw@forbes.com;Male;132.129.85.62;;
826;Arte;De Caroli;adecarolimx@123-reg.co.uk;Male;4.141.168.205;;
827;Ian;Gaitskell;igaitskellmy@canalblog.com;Male;191.234.88.64;;
828;Stu;Sadd;ssaddmz@sun.com;Male;78.250.211.120;;
829;Aeriela;Shanahan;ashanahann0@skype.com;Female;200.146.142.166;;
830;Lorenzo;Tatchell;ltatchelln1@google.com.br;Male;29.241.20.25;;
831;Marillin;Wicher;mwichern2@si.edu;Female;31.84.13.92;;
832;Danita;Mulloch;dmullochn3@moonfruit.com;Agender;15.87.182.225;;
833;Ginger;Coules;gcoulesn4@craigslist.org;Male;168.124.249.118;;
834;Jedd;Durnan;jdurnann5@tinyurl.com;Male;139.137.76.137;;
835;Johnette;Clail;jclailn6@wisc.edu;Female;47.197.236.235;;
836;Alleyn;Jayume;ajayumen7@wikipedia.org;Male;210.199.58.28;;
837;Rodger;Priddie;rpriddien8@twitter.com;Male;158.12.126.59;;
838;Malva;Caslake;mcaslaken9@bravesites.com;Genderqueer;145.210.192.213;;
839;Violante;Wharmby;vwharmbyna@dot.gov;Female;21.246.80.99;;
840;Dode;Glanz;dglanznb@is.gd;Female;252.134.233.10;;
841;Emelyne;Ramsdale;eramsdalenc@auda.org.au;Female;106.1.18.161;;
842;Anatol;Jaffa;ajaffand@fc2.com;Male;95.234.40.87;;
843;Dacia;Hamon;dhamonne@wordpress.org;Bigender;5.101.249.203;;
844;Irena;Risdale;irisdalenf@smh.com.au;Female;59.156.101.20;;
845;Sargent;Joul;sjoulng@europa.eu;Male;146.209.44.126;;
846;Isadora;Coleborn;icolebornnh@sfgate.com;Female;124.79.228.247;;
847;Rubia;Sealy;rsealyni@yandex.ru;Female;181.232.80.103;;
848;Franklin;O'Brollachain;fobrollachainnj@howstuffworks.com;Male;173.243.141.169;;
849;Yettie;Shilladay;yshilladaynk@bluehost.com;Female;243.11.186.65;;
850;Eilis;Fantham;efanthamnl@dagondesign.com;Genderfluid;122.97.25.189;;
851;Abelard;Jeffress;ajeffressnm@facebook.com;Male;43.126.155.109;;
852;Maje;Warton;mwartonnn@netscape.com;Male;183.59.130.55;;
853;Emelyne;Trim;etrimno@example.com;Female;239.109.54.30;;
854;Ozzie;Waldocke;owaldockenp@github.io;Male;137.20.124.35;;
855;Billy;Tomaszynski;btomaszynskinq@unesco.org;Male;63.250.41.44;;
856;Jobie;Dalman;jdalmannr@redcross.org;Female;49.218.120.213;;
857;Stephanie;Immings;simmingsns@fc2.com;Non-binary;227.45.207.255;;
858;Melisenda;Frenzl;mfrenzlnt@mediafire.com;Female;191.119.199.96;;
859;Olivie;Candy;ocandynu@51.la;Female;30.1.196.1;;
860;Jeffy;Duer;jduernv@free.fr;Male;119.203.250.0;;
861;Gar;Townes;gtownesnw@shutterfly.com;Male;174.96.222.5;;
862;Abbey;Franey;afraneynx@google.com.br;Male;137.159.172.228;;
863;Ad;Pee;apeeny@businessinsider.com;Agender;14.13.126.126;;
864;Antonietta;Rawes;arawesnz@google.com;Female;197.243.21.172;;
865;Chase;Dadge;cdadgeo0@sfgate.com;Male;209.139.180.107;;
866;Kenneth;Carn;kcarno1@parallels.com;Male;224.64.242.119;;
867;Jacynth;Arnaldy;jarnaldyo2@wordpress.com;Female;153.167.129.3;;
868;Kathryne;Vivians;kvivianso3@skyrock.com;Female;5.189.52.248;;
869;Jeffrey;Raisbeck;jraisbecko4@csmonitor.com;Polygender;20.128.238.251;;
870;Othello;Matanin;omatanino5@wp.com;Male;209.139.148.224;;
871;Madelena;Norrie;mnorrieo6@smugmug.com;Female;144.126.67.206;;
872;Evania;Binny;ebinnyo7@pagesperso-orange.fr;Female;218.208.8.121;;
873;Tadeo;McColl;tmccollo8@myspace.com;Male;216.228.149.161;;
874;Cointon;Robke;crobkeo9@msu.edu;Male;113.203.30.252;;
875;Boigie;Benning;bbenningoa@indiegogo.com;Male;196.152.17.56;;
876;Hamid;Abrahmer;habrahmerob@prlog.org;Male;214.208.86.29;;
877;Paulie;Cluatt;pcluattoc@usda.gov;Female;75.166.150.8;;
878;Timoteo;Lyndon;tlyndonod@google.cn;Male;42.62.18.251;;
879;Christiane;Brandassi;cbrandassioe@cbslocal.com;Agender;94.229.199.173;;
880;Hi;Peagrim;hpeagrimof@accuweather.com;Male;229.14.69.232;;
881;Inger;Broader;ibroaderog@cdc.gov;Male;73.201.30.116;;
882;Walsh;Winfrey;wwinfreyoh@wikimedia.org;Male;225.200.131.183;;
883;Mayor;Ashworth;mashworthoi@hibu.com;Male;169.233.195.235;;
884;Alexandre;Lightwing;alightwingoj@statcounter.com;Male;38.46.217.123;;
885;Anallese;Ragless;araglessok@devhub.com;Female;11.35.132.182;;
886;Franzen;Biggadike;fbiggadikeol@dot.gov;Male;189.79.162.73;;
887;Barnebas;Redgrove;bredgroveom@go.com;Male;1.175.33.164;;
888;Roddie;Gontier;rgontieron@usgs.gov;Male;108.64.12.95;;
889;Clem;Millsap;cmillsapoo@bing.com;Male;129.44.150.192;;
890;Lester;Stern;lsternop@techcrunch.com;Male;167.148.26.146;;
891;Arnaldo;Threadgould;athreadgouldoq@hugedomains.com;Male;62.192.125.67;;
892;Gardiner;Zapata;gzapataor@miibeian.gov.cn;Male;17.129.220.84;;
893;Carmine;Arger;cargeros@zdnet.com;Male;133.28.20.216;;
894;Jillayne;Troctor;jtroctorot@addtoany.com;Female;132.147.58.36;;
895;Currie;Hallgate;challgateou@java.com;Male;51.67.61.133;;
896;Eran;McPhater;emcphaterov@wufoo.com;Female;83.220.202.45;;
897;Alexandra;McCathay;amccathayow@amazon.com;Female;189.51.250.183;;
898;Darrell;Comelini;dcomeliniox@bizjournals.com;Male;20.152.92.94;;
899;Hayyim;Leverage;hleverageoy@freewebs.com;Male;223.174.207.93;;
900;Ardene;Harmson;aharmsonoz@barnesandnoble.com;Female;117.7.14.98;;
901;Maxy;Lumbers;mlumbersp0@indiatimes.com;Male;108.13.156.254;;
902;Lee;Denyakin;ldenyakinp1@who.int;Female;125.222.140.121;;
903;Eba;Bleiman;ebleimanp2@spotify.com;Female;203.37.50.45;;
904;Megan;Basley;mbasleyp3@imageshack.us;Female;24.154.198.22;;
905;Mirabelle;Conochie;mconochiep4@webnode.com;Female;37.54.159.8;;
906;Bealle;McCalister;bmccalisterp5@abc.net.au;Male;11.30.101.220;;
907;Matelda;Dowears;mdowearsp6@phoca.cz;Female;59.59.254.172;;
908;Dinah;Saice;dsaicep7@etsy.com;Female;22.250.36.248;;
909;Reggy;Wheowall;rwheowallp8@nytimes.com;Male;207.1.253.241;;
910;Diarmid;Galero;dgalerop9@digg.com;Male;47.184.9.54;;
911;Brigitte;Gomery;bgomerypa@gnu.org;Female;15.80.151.229;;
912;Lorinda;Schoenfisch;lschoenfischpb@goo.gl;Female;147.123.43.250;;
913;Tabbi;Maddison;tmaddisonpc@nps.gov;Female;78.253.132.73;;
914;Lenci;Sabathe;lsabathepd@symantec.com;Male;98.55.6.238;;
915;Ertha;Haffner;ehaffnerpe@arstechnica.com;Female;86.176.132.211;;
916;Pansie;Craighall;pcraighallpf@paginegialle.it;Female;85.60.171.11;;
917;Keri;MacRory;kmacrorypg@wufoo.com;Female;66.159.110.195;;
918;Lucas;Lillegard;llillegardph@github.io;Male;3.213.189.209;;
919;Hamlin;Yule;hyulepi@nationalgeographic.com;Male;230.164.237.152;;
920;Nathaniel;Dodridge;ndodridgepj@zimbio.com;Male;89.91.181.127;;
921;Olenolin;Grooby;ogroobypk@bbb.org;Bigender;124.227.220.121;;
922;Anne;Kerswill;akerswillpl@china.com.cn;Female;95.216.120.195;;
923;Dorry;Leaney;dleaneypm@biglobe.ne.jp;Female;127.96.232.168;;
924;Dietrich;Seawright;dseawrightpn@blog.com;Male;149.248.98.172;;
925;Margarita;Ivchenko;mivchenkopo@artisteer.com;Female;199.232.12.175;;
926;Nev;Quesne;nquesnepp@kickstarter.com;Male;102.23.236.2;;
927;Neely;Brewitt;nbrewittpq@huffingtonpost.com;Female;194.244.108.249;;
928;Lindi;Airdrie;lairdriepr@yale.edu;Female;89.222.9.162;;
929;Torrin;Ace;taceps@sciencedirect.com;Male;20.73.105.54;;
930;Jose;Ansill;jansillpt@people.com.cn;Male;171.237.210.118;;
931;Kriste;Blas;kblaspu@fema.gov;Female;40.55.60.231;;
932;Elva;Brimelow;ebrimelowpv@cdc.gov;Female;180.144.194.88;;
933;Jennica;Fitzroy;jfitzroypw@hc360.com;Female;227.73.12.30;;
934;Codie;Burgiss;cburgisspx@odnoklassniki.ru;Female;104.137.136.7;;
935;Nananne;MacAdie;nmacadiepy@newyorker.com;Female;143.201.111.204;;
936;Alejandra;Pervoe;apervoepz@mozilla.org;Female;250.229.89.30;;
937;Lenci;Altofts;laltoftsq0@github.io;Male;107.208.225.175;;
938;Rees;Capper;rcapperq1@acquirethisname.com;Polygender;236.161.9.39;;
939;Ferdinanda;Crunkhorn;fcrunkhornq2@indiegogo.com;Female;109.168.122.189;;
940;Braden;Sweed;bsweedq3@marriott.com;Male;117.209.30.203;;
941;Leeanne;Diperaus;ldiperausq4@aboutads.info;Female;153.91.171.82;;
942;Wood;Vipan;wvipanq5@skyrock.com;Male;163.57.153.48;;
943;Kale;Carabine;kcarabineq6@about.com;Male;104.132.231.43;;
944;Wildon;Holburn;wholburnq7@drupal.org;Male;13.142.35.144;;
945;Fernande;Sedgwick;fsedgwickq8@multiply.com;Genderfluid;216.140.19.176;;
946;Konstance;Shevels;kshevelsq9@hao123.com;Female;153.192.100.152;;
947;Honoria;Limpricht;hlimprichtqa@mac.com;Female;49.89.136.71;;
948;Tamera;McGuggy;tmcguggyqb@flickr.com;Female;162.250.134.252;;
949;Diandra;Pignon;dpignonqc@eventbrite.com;Female;239.100.141.114;;
950;Deck;Djakovic;ddjakovicqd@marketwatch.com;Male;148.190.106.139;;
951;Devora;Curtoys;dcurtoysqe@ucsd.edu;Female;81.205.147.197;;
952;Carolin;Berkeley;cberkeleyqf@berkeley.edu;Agender;65.235.166.32;;
953;Corbie;Hamblin;chamblinqg@ibm.com;Male;179.200.169.76;;
954;Quill;Caesman;qcaesmanqh@pagesperso-orange.fr;Male;110.48.85.0;;
955;Bud;Ilyasov;bilyasovqi@com.com;Male;225.183.17.135;;
956;Mimi;Tout;mtoutqj@usgs.gov;Female;234.231.127.240;;
957;Shep;Ferbrache;sferbracheqk@nydailynews.com;Polygender;230.135.1.53;;
958;Owen;Helian;ohelianql@oaic.gov.au;Male;78.32.49.136;;
959;Naoma;Branton;nbrantonqm@washington.edu;Female;180.50.53.159;;
960;Desirae;Donaghy;ddonaghyqn@rediff.com;Female;115.16.251.202;;
961;Darsey;Cholton;dcholtonqo@networkadvertising.org;Female;101.145.162.247;;
962;Patric;Eliyahu;peliyahuqp@cnet.com;Polygender;6.227.145.121;;
963;Gay;Grimm;ggrimmqq@theglobeandmail.com;Non-binary;122.150.250.5;;
964;Henry;Melbert;hmelbertqr@hatena.ne.jp;Male;184.252.116.241;;
965;Cordey;Gargett;cgargettqs@boston.com;Female;226.48.150.115;;
966;Abeu;Deegin;adeeginqt@lulu.com;Male;43.203.120.153;;
967;Philis;Exelby;pexelbyqu@miibeian.gov.cn;Female;89.41.219.247;;
968;Oren;Pester;opesterqv@wisc.edu;Male;73.217.115.72;;
969;Dot;Ughelli;dughelliqw@surveymonkey.com;Female;141.88.113.141;;
970;Jard;Arniz;jarnizqx@stanford.edu;Male;231.215.159.44;;
971;Bendite;Harfoot;bharfootqy@usnews.com;Female;14.244.151.74;;
972;Khalil;Branca;kbrancaqz@wunderground.com;Male;52.19.96.139;;
973;Dionisio;Songest;dsongestr0@newsvine.com;Male;186.220.212.123;;
974;Ailene;Arkcoll;aarkcollr1@hugedomains.com;Female;101.26.232.164;;
975;Dicky;Beebis;dbeebisr2@washington.edu;Male;228.10.217.120;;
976;Vivianne;Rundle;vrundler3@mozilla.com;Female;229.83.111.1;;
977;Noble;Kofax;nkofaxr4@woothemes.com;Male;212.130.147.247;;
978;My;Gerrens;mgerrensr5@instagram.com;Male;100.39.106.71;;
979;Benedicta;Flatman;bflatmanr6@e-recht24.de;Female;178.64.143.125;;
980;Tabina;Basini-Gazzi;tbasinigazzir7@printfriendly.com;Female;182.28.62.200;;
981;Franky;Nutter;fnutterr8@studiopress.com;Female;213.204.98.253;;
982;Adelaide;Lanfare;alanfarer9@nba.com;Female;2.69.235.16;;
983;Eric;Lenney;elenneyra@theguardian.com;Bigender;31.30.95.121;;
984;Whitney;Langmaid;wlangmaidrb@issuu.com;Female;140.163.161.190;;
985;Russell;Pearson;rpearsonrc@samsung.com;Male;212.182.166.239;;
986;Lily;Brim;lbrimrd@cdc.gov;Female;32.156.95.233;;
987;Linoel;Knightsbridge;lknightsbridgere@acquirethisname.com;Male;23.8.135.91;;
988;Delphinia;Kinde;dkinderf@mediafire.com;Female;113.38.2.119;;
989;Carie;Megahey;cmegaheyrg@domainmarket.com;Female;83.156.16.245;;
990;Margaretha;Wiggin;mwigginrh@gravatar.com;Bigender;161.105.252.52;;
991;Holden;Fleg;hflegri@vistaprint.com;Male;189.75.232.24;;
992;Salomo;Solomon;ssolomonrj@qq.com;Male;37.58.107.73;;
993;Harlene;Westcott;hwestcottrk@last.fm;Female;106.114.241.199;;
994;Lee;Piscopo;lpiscoporl@diigo.com;Female;201.14.237.216;;
995;Happy;Taffee;htaffeerm@printfriendly.com;Female;33.138.248.195;;
996;Redford;Doige;rdoigern@google.ca;Male;76.72.240.6;;
997;Cord;Levicount;clevicountro@gizmodo.com;Male;56.88.52.158;;
998;Gino;Tripney;gtripneyrp@tmall.com;Agender;244.125.21.113;;
999;Philis;Marmion;pmarmionrq@addtoany.com;Female;169.97.171.83;;
1000;Asa;Bowmen;abowmenrr@tripod.com;Male;54.231.10.240;;
